trial_id,creation_date,start_date,completion_date,state,dev_test_combo,iterations,coord_interval,influence_tuning_batch_size,influence_tuning_epochs,influence_tuning_lr,num_train_epochs,seed
jqgjqjwha5,2021-05-12 22:16:27.063121,2021-05-12 23:37:32.000000,2021-05-13 04:47:52.854156,COMPLETED,50000.5,,50,4,5,0.00003,20,2025
d7wnw3bg88,2021-05-12 23:21:43.292051,2021-05-12 23:21:58.000000,2021-05-13 04:40:57.579267,COMPLETED,77291.782,,50,16,5,0.000001,20,2023
wwh8pgpi8m,2021-05-12 18:18:02.388208,2021-05-12 18:18:24.000000,2021-05-13 04:31:26.808682,COMPLETED,78750.79,,25,64,10,0.000003,10,2025
wtt3gbutuu,2021-05-12 18:30:52.394699,2021-05-12 18:31:22.000000,2021-05-13 04:29:50.752494,COMPLETED,77916.77,,50,64,10,0.00001,20,2022
5q2cbcpsu5,2021-05-12 17:59:11.008899,2021-05-12 18:02:17.000000,2021-05-13 04:26:42.888888,COMPLETED,80625.8,,50,16,10,0.00001,20,2024
r2bdy2hj9m,2021-05-12 18:10:55.665396,2021-05-12 18:11:22.000000,2021-05-13 04:18:19.238861,COMPLETED,58541.586,,25,16,10,0.00001,10,2023
jj7hkj5ydm,2021-05-12 23:19:21.509476,2021-05-12 23:19:41.000000,2021-05-13 04:18:09.530536,COMPLETED,77500.762,,25,4,5,0.000003,10,2023
mc8uzchbzq,2021-05-12 23:08:51.253146,2021-05-12 23:09:11.000000,2021-05-13 04:06:48.933374,COMPLETED,50000.5,,25,16,5,0.00003,10,2025
gh9xr8p7dw,2021-05-12 06:17:24.036143,2021-05-12 06:21:49.000000,2021-05-13 04:06:08.449800,COMPLETED,76041.758,,25,16,10,0.000003,20,2023
h7eau8siip,2021-05-12 22:45:33.728448,2021-05-12 22:45:36.000000,2021-05-13 03:46:22.347471,COMPLETED,80833.798,,50,16,5,0.00001,20,2022
e38h2rh5fc,2021-05-12 06:25:43.263017,2021-05-12 06:26:03.000000,2021-05-13 03:31:59.549680,COMPLETED,77500.792,,25,64,10,0.000001,20,2021
6ht6r4ux3f,2021-05-12 21:49:37.610349,2021-05-12 21:49:41.000000,2021-05-13 02:58:20.076264,COMPLETED,50000.5,,50,4,10,0.00001,10,2023
mgdqn874be,2021-05-12 15:47:44.307998,2021-05-12 15:47:52.000000,2021-05-13 02:38:43.870167,COMPLETED,80833.79,,25,64,5,0.000003,20,2022
tbhtrq64kw,2021-05-12 21:32:04.722312,2021-05-12 21:32:26.000000,2021-05-13 02:26:06.731746,COMPLETED,50000.5,,25,16,5,0.00003,10,2022
giyq8i8ch2,2021-05-12 21:01:36.731188,2021-05-12 21:01:48.000000,2021-05-13 02:22:46.751295,COMPLETED,79166.788,,50,4,5,0.000003,20,2024
ausga8ivqj,2021-05-12 04:27:31.394464,2021-05-12 04:27:59.000000,2021-05-13 02:20:51.096350,COMPLETED,78541.79,,25,16,10,0.000001,20,2022
dm99knb9xq,2021-05-12 20:34:44.667459,2021-05-12 20:34:50.000000,2021-05-13 02:04:40.026669,COMPLETED,73125.724,,25,4,5,0.000003,10,2024
6ejvf3iws5,2021-05-12 15:45:24.238710,2021-05-12 15:45:39.000000,2021-05-13 01:56:19.110981,COMPLETED,81041.82,,50,4,10,0.00001,20,2025
fewc3hsq3a,2021-05-12 20:20:39.305414,2021-05-12 20:32:13.000000,2021-05-13 01:49:52.089656,COMPLETED,83958.838,,25,16,5,0.00001,10,2022
h7i9c972ti,2021-05-12 03:33:42.782170,2021-05-12 03:34:14.000000,2021-05-13 01:06:53.576062,COMPLETED,75833.772,,25,64,10,0.000003,20,2025
wv9c8sx7c6,2021-05-12 02:21:43.865149,2021-05-12 02:21:53.000000,2021-05-13 00:33:09.312473,COMPLETED,80833.786,,25,4,10,0.000003,20,2022
x2mjbmgapv,2021-05-12 13:09:28.354380,2021-05-12 13:09:31.000000,2021-05-13 00:26:31.366489,COMPLETED,76041.78,,25,64,5,0.00001,20,2021
c7f9fvevvm,2021-05-12 14:18:14.380743,2021-05-12 14:18:16.000000,2021-05-13 00:19:05.009371,COMPLETED,50000.5,,25,4,10,0.00001,10,2024
vrcq25kk6c,2021-05-12 18:56:38.548142,2021-05-12 18:57:05.000000,2021-05-13 00:11:51.012623,COMPLETED,50000.5,,50,16,5,0.00003,20,2025
fbbezmczf9,2021-05-12 18:14:29.279101,2021-05-12 18:14:35.000000,2021-05-12 23:53:02.181541,COMPLETED,50000.5,,25,16,5,0.00003,10,2023
ajuii8dsjj,2021-05-12 13:07:06.495246,2021-05-12 13:07:19.000000,2021-05-12 23:50:38.489620,COMPLETED,78333.784,,50,4,10,0.000003,20,2021
9t4fafcjyn,2021-05-12 02:26:26.303816,2021-05-12 02:27:24.000000,2021-05-12 23:48:21.906522,COMPLETED,78958.786,,25,4,10,0.000001,20,2022
eqz6yanjc9,2021-05-12 13:00:07.503396,2021-05-12 13:00:15.000000,2021-05-12 23:39:06.182768,COMPLETED,76041.758,,25,16,5,0.000003,20,2024
tsrpxgcax2,2021-05-12 12:44:56.467283,2021-05-12 12:45:35.000000,2021-05-12 23:38:56.817583,COMPLETED,50000.5,,25,4,5,0.00003,20,2021
xnu3n8i7r2,2021-05-12 02:18:12.894239,2021-05-12 02:18:18.000000,2021-05-12 23:35:49.796106,COMPLETED,50000.5,,25,4,10,0.00003,20,2024
6ktwhziuay,2021-05-12 13:30:34.033056,2021-05-12 13:30:45.000000,2021-05-12 23:35:16.297437,COMPLETED,71458.728,,25,4,10,0.000001,10,2021
p73sxynftn,2021-05-12 16:16:50.059052,2021-05-12 18:07:32.000000,2021-05-12 23:31:42.543990,COMPLETED,77916.808,,50,64,10,0.00001,10,2021
pfqv797t79,2021-05-12 13:12:57.889083,2021-05-12 13:13:15.000000,2021-05-12 23:25:29.821127,COMPLETED,50000.5,,50,4,10,0.00003,20,2022
zvxvd2gvmd,2021-05-12 16:28:29.256002,2021-05-12 18:07:24.000000,2021-05-12 23:25:46.775404,COMPLETED,50000.5,,50,64,10,0.00003,10,2021
55ra98zgu9,2021-05-12 13:17:43.052871,2021-05-12 13:17:59.000000,2021-05-12 23:24:50.325860,COMPLETED,50000.5,,25,16,10,0.00003,10,2021
amcr6bracq,2021-05-12 16:15:39.136841,2021-05-12 18:12:40.000000,2021-05-12 23:23:54.264978,COMPLETED,58958.584,,25,64,5,0.00003,10,2025
r8q62dyxb8,2021-05-12 18:12:06.578097,2021-05-12 18:12:16.000000,2021-05-12 23:22:32.001483,COMPLETED,85208.85,,50,4,10,0.00001,10,2022
p7m4hwtwm9,2021-05-12 23:20:32.534479,2021-05-12 23:20:49.000000,,RUNNING,,,25,4,10,0.000003,20,2023
ve5qnzki4j,2021-05-12 12:28:27.695740,2021-05-12 12:28:52.000000,2021-05-12 23:21:26.184031,COMPLETED,50000.5,,25,16,5,0.00003,20,2022
6gyzfkxc6n,2021-05-12 16:33:09.124754,2021-05-12 17:57:39.000000,2021-05-12 23:20:13.110937,COMPLETED,78750.77,,25,64,5,0.000003,10,2023
vbdxdwas89,2021-05-12 17:59:10.231625,2021-05-12 18:07:28.000000,2021-05-12 23:18:54.468988,COMPLETED,75416.754,,25,4,5,0.000001,10,2024
89j5geknqg,2021-05-12 23:17:01.163125,2021-05-13 01:49:20.000000,,RUNNING,,,25,16,10,0.00001,10,2021
askiwkaa2t,2021-05-12 23:16:59.806568,2021-05-13 01:47:05.000000,,RUNNING,,,50,16,10,0.000003,20,2025
c8jggw5u86,2021-05-12 01:10:02.060693,2021-05-12 01:25:38.000000,2021-05-12 23:16:29.480461,COMPLETED,69583.722,,25,4,10,0.000003,20,2024
shnj7bpgkj,2021-05-12 16:41:16.926239,2021-05-12 17:57:41.000000,2021-05-12 23:15:44.709121,COMPLETED,50000.5,,50,16,10,0.00003,10,2021
wc5wruki4n,2021-05-12 23:08:50.534203,2021-05-13 01:35:12.000000,,RUNNING,,,25,16,10,0.000001,20,2021
7bnrvu5tyk,2021-05-12 01:46:26.150397,2021-05-12 01:46:31.000000,2021-05-12 23:08:38.223221,COMPLETED,50000.5,,25,64,10,0.00003,20,2025
ci2z7nb8wp,2021-05-12 17:49:50.899861,2021-05-12 17:50:06.000000,2021-05-12 23:07:53.026443,COMPLETED,76041.744,,25,16,5,0.000001,10,2022
e4t64vrteq,2021-05-12 23:04:11.124979,2021-05-13 00:08:06.000000,,RUNNING,,,25,4,10,0.00003,10,2022
svyzvr29tf,2021-05-12 17:41:44.036909,2021-05-12 17:41:59.000000,2021-05-12 23:03:55.132493,COMPLETED,50000.5,,50,16,5,0.00003,20,2023
vgf9zx3e6u,2021-05-12 23:00:39.905178,2021-05-13 02:20:31.000000,,RUNNING,,,50,16,10,0.000003,20,2023
cmurn7xh77,2021-05-12 16:42:27.156653,2021-05-12 17:47:13.000000,2021-05-12 22:59:33.365064,COMPLETED,50000.5,,25,16,5,0.00003,10,2021
732fjy4px8,2021-05-12 22:50:12.693147,2021-05-12 23:14:21.000000,,RUNNING,,,25,4,10,0.000003,10,2023
577vzyhh9e,2021-05-12 17:30:07.575014,2021-05-12 17:30:16.000000,2021-05-12 22:49:43.516468,COMPLETED,80000.786,,50,64,10,0.00001,10,2024
4g8f93nxic,2021-05-12 17:26:37.352866,2021-05-12 17:26:54.000000,2021-05-12 22:44:47.033910,COMPLETED,79375.776,,25,64,5,0.000003,10,2025
p3bxabt2hb,2021-05-12 22:37:25.106438,2021-05-12 22:37:26.000000,,RUNNING,,,50,64,10,0.000003,20,2022
978apk7d3q,2021-05-12 22:37:24.532552,2021-05-12 22:37:25.000000,,RUNNING,,,50,64,10,0.00003,20,2022
e2xng3iu4f,2021-05-12 01:42:54.643451,2021-05-12 01:43:07.000000,2021-05-12 22:36:42.765857,COMPLETED,71666.728,,25,16,10,0.000001,20,2024
c9zzpp4tfd,2021-05-12 12:27:17.051910,2021-05-12 12:27:42.000000,2021-05-12 22:36:07.415156,COMPLETED,50000.5,,50,16,10,0.00003,20,2021
kzpttqdxw9,2021-05-12 17:15:01.825062,2021-05-12 17:15:15.000000,2021-05-12 22:16:16.054069,COMPLETED,74791.754,,50,64,10,0.000001,10,2025
pykv9pzxqw,2021-05-12 21:55:27.947388,2021-05-12 21:55:31.000000,,RUNNING,,,25,4,10,0.000001,10,2025
tst5gnfnz5,2021-05-12 10:57:15.517320,2021-05-12 10:57:18.000000,2021-05-12 21:54:15.579263,COMPLETED,78958.784,,25,64,5,0.00001,20,2025
eqjue3s6id,2021-05-12 21:48:27.274837,2021-05-12 21:48:30.000000,,RUNNING,,,25,4,5,0.000003,20,2022
23spadwcem,2021-05-12 21:48:26.609616,2021-05-12 21:48:30.000000,,RUNNING,,,25,64,10,0.000003,20,2022
g9727itqhr,2021-05-12 19:10:39.658601,2021-05-12 19:10:46.000000,2021-05-12 21:48:40.471948,COMPLETED,78125.778,,50,16,5,0.000003,10,2023
v8v4y7bahm,2021-05-12 11:43:58.593127,2021-05-12 11:44:07.000000,2021-05-12 21:47:39.377689,COMPLETED,75208.752,,50,64,10,0.000003,20,2024
663ggvgesp,2021-05-12 11:41:36.702687,2021-05-12 11:41:57.000000,2021-05-12 21:47:37.879377,COMPLETED,79375.762,,25,4,10,0.000003,10,2022
9and44f7n5,2021-05-12 21:40:17.803274,2021-05-13 01:28:49.000000,,RUNNING,,,25,4,5,0.000003,20,2021
4b4hxectxp,2021-05-12 10:51:21.221477,2021-05-12 10:51:38.000000,2021-05-12 21:39:20.343021,COMPLETED,80208.816,,25,16,5,0.00001,20,2023
7asjzbf2it,2021-05-12 21:34:25.605839,2021-05-12 21:53:56.000000,,RUNNING,,,25,4,10,0.000001,20,2023
nwv38eix3n,2021-05-12 11:18:18.666274,2021-05-12 11:18:32.000000,2021-05-12 21:33:51.637766,COMPLETED,50000.5,,25,64,10,0.00003,10,2023
4fmqw2faqq,2021-05-12 11:12:25.231343,2021-05-12 11:12:38.000000,2021-05-12 21:31:56.995917,COMPLETED,77291.796,,25,64,5,0.00001,20,2022
zisfiqvzu3,2021-05-12 21:15:39.686943,2021-05-12 23:07:35.000000,,RUNNING,,,25,16,5,0.00003,20,2025
s3w6grjxas,2021-05-12 09:14:38.747125,2021-05-12 09:42:41.000000,2021-05-12 21:14:59.143305,COMPLETED,72708.704,,25,16,5,0.000001,20,2023
y8ji5h5bt3,2021-05-12 15:55:52.293162,2021-05-12 15:56:12.000000,2021-05-12 21:01:28.808238,COMPLETED,82291.81,,25,64,5,0.00001,10,2024
kscqmeevu3,2021-05-12 20:44:09.763085,2021-05-13 01:59:15.000000,,RUNNING,,,50,4,10,0.00001,20,2024
itqat7tyf5,2021-05-12 18:01:32.265211,2021-05-12 18:01:51.000000,2021-05-12 20:43:47.082962,COMPLETED,75625.774,,50,64,5,0.000003,10,2025
zzcqq8eyqe,2021-05-12 17:51:01.225287,2021-05-12 17:51:02.000000,2021-05-12 20:33:33.524421,COMPLETED,78958.776,,50,64,5,0.000003,10,2023
tbx5wd78v2,2021-05-12 20:26:31.036316,2021-05-13 00:29:20.000000,,RUNNING,,,50,4,10,0.000001,20,2023
bk6jwmp4gq,2021-05-12 15:25:38.660740,2021-05-12 15:25:41.000000,2021-05-12 20:25:38.239933,COMPLETED,50000.5,,25,4,5,0.00001,10,2023
mtwbzh683a,2021-05-12 09:35:35.638470,2021-05-12 09:42:17.000000,2021-05-12 20:19:37.124440,COMPLETED,50000.5,,25,4,5,0.00003,20,2022
sutxp5289s,2021-05-12 20:01:56.258356,2021-05-12 20:02:34.000000,,RUNNING,,,50,16,10,0.000001,20,2022
vpaiadeky4,2021-05-12 14:58:57.172890,2021-05-12 14:59:11.000000,2021-05-12 20:01:47.183786,COMPLETED,77916.796,,50,16,10,0.000003,10,2024
e3mym5jhmg,2021-05-12 13:57:19.233649,2021-05-12 13:57:34.000000,2021-05-12 19:09:36.286538,COMPLETED,50000.5,,25,64,5,0.00003,10,2024
b74wts48h8,2021-05-12 13:25:53.556904,2021-05-12 13:26:14.000000,2021-05-12 18:55:40.185132,COMPLETED,74166.73,,50,4,10,0.000001,10,2023
9d25tyw47c,2021-05-11 21:03:16.599591,2021-05-11 21:03:51.000000,2021-05-12 18:30:00.951279,COMPLETED,50000.5,,25,16,10,0.00003,20,2023
6p2zfvt8p8,2021-05-12 07:17:20.303605,2021-05-12 07:17:33.000000,2021-05-12 18:17:25.145151,COMPLETED,78750.764,,25,64,5,0.000001,20,2022
rf7d7skrx4,2021-05-12 18:13:18.710292,2021-05-12 18:13:47.000000,,RUNNING,,,25,64,10,0.00001,20,2025
jrfhtezh5z,2021-05-12 12:43:45.010677,2021-05-12 12:44:05.000000,2021-05-12 18:13:25.464083,COMPLETED,81250.798,,25,4,5,0.00001,10,2024
xs569euppi,2021-05-12 15:34:56.163620,2021-05-12 15:35:05.000000,2021-05-12 18:12:52.134197,COMPLETED,73333.726,,50,64,5,0.000003,10,2024
knpxeghm3b,2021-05-12 07:45:01.975287,2021-05-12 07:45:25.000000,2021-05-12 18:11:18.433559,COMPLETED,50000.5,,50,16,10,0.00003,20,2023
3jb6h7zyty,2021-05-12 07:30:09.449093,2021-05-12 07:30:22.000000,2021-05-12 18:10:19.974993,COMPLETED,77291.782,,50,4,10,0.000001,20,2021
qxqm42m5f9,2021-05-12 12:51:55.212167,2021-05-12 12:52:23.000000,2021-05-12 18:00:32.774443,COMPLETED,77500.754,,50,16,10,0.000001,10,2021
hz79rwj653,2021-05-12 07:37:25.078198,2021-05-12 07:37:29.000000,2021-05-12 17:58:49.449232,COMPLETED,74375.728,,50,64,10,0.00003,20,2025
qfqwi8mp9n,2021-05-12 07:16:09.981396,2021-05-12 07:16:35.000000,2021-05-12 17:58:01.309386,COMPLETED,50000.5,,25,4,5,0.00001,20,2024
pzj8qw3ivw,2021-05-12 12:34:23.130736,2021-05-12 12:34:36.000000,2021-05-12 17:49:54.129979,COMPLETED,80000.77,,50,16,5,0.000003,20,2024
gzy9zbm27z,2021-05-11 20:10:43.929687,2021-05-11 20:10:45.000000,2021-05-12 17:48:43.801740,COMPLETED,61666.63,,25,4,10,0.00001,20,2021
uk7km6kpgf,2021-05-12 07:23:12.756330,2021-05-12 07:23:27.000000,2021-05-12 17:40:36.795059,COMPLETED,82500.784,,50,64,10,0.000001,20,2023
8pr4ga2eck,2021-05-12 06:42:11.199700,2021-05-12 06:42:37.000000,2021-05-12 17:29:51.328633,COMPLETED,50000.5,,25,16,5,0.00003,20,2023
ykn6eqrhzq,2021-05-11 18:25:33.331982,2021-05-11 19:16:54.000000,2021-05-12 17:25:45.529780,COMPLETED,50000.5,,25,16,10,0.00003,20,2025
mmmyww9k7h,2021-05-12 06:06:47.505398,2021-05-12 06:07:10.000000,2021-05-12 17:13:55.531754,COMPLETED,50000.5,,25,16,5,0.00001,20,2024
xxay9iu7wq,2021-05-12 17:01:04.617099,2021-05-12 17:42:26.000000,,RUNNING,,,25,4,10,0.00003,20,2025
3jzxjpq6as,2021-05-12 14:25:15.681959,2021-05-12 14:25:26.000000,2021-05-12 17:00:55.463136,COMPLETED,50000.5,,50,4,5,0.00003,10,2025
impe8948hq,2021-05-12 11:35:47.681980,2021-05-12 11:35:57.000000,2021-05-12 16:41:28.578778,COMPLETED,75208.764,,50,64,5,0.00001,20,2024
iq8u2wksde,2021-05-12 11:47:28.491209,2021-05-12 11:47:53.000000,2021-05-12 16:40:55.847863,COMPLETED,78541.77,,50,64,5,0.000003,20,2021
qvy7nw2icb,2021-05-12 11:18:17.990300,2021-05-12 11:18:32.000000,2021-05-12 16:32:55.971937,COMPLETED,50000.5,,50,64,5,0.00003,20,2021
67p9ksc6i8,2021-05-12 11:15:57.277662,2021-05-12 11:16:07.000000,2021-05-12 16:28:22.895536,COMPLETED,76458.788,,50,16,5,0.000001,20,2021
bcwacxsxxu,2021-05-12 05:40:00.340239,2021-05-12 05:40:14.000000,2021-05-12 16:15:34.179813,COMPLETED,80208.808,,50,16,10,0.00001,20,2022
is5r5fhmhb,2021-05-12 11:07:45.459189,2021-05-12 11:08:08.000000,2021-05-12 16:14:57.115983,COMPLETED,74166.728,,25,16,5,0.000001,10,2024
hrqwy3rzu6,2021-05-12 16:02:51.029033,2021-05-12 16:02:52.000000,,RUNNING,,,25,4,10,0.000001,20,2025
78dhwuj7cd,2021-05-12 10:54:52.895108,2021-05-12 10:54:55.000000,2021-05-12 16:02:04.568460,COMPLETED,78125.778,,25,64,5,0.00001,10,2022
exzfnby2fx,2021-05-12 13:14:10.016129,2021-05-12 13:14:30.000000,2021-05-12 15:54:54.085566,COMPLETED,80833.784,,50,16,5,0.000001,10,2022
iwtn2q6a5r,2021-05-12 10:36:11.527935,2021-05-12 10:36:18.000000,2021-05-12 15:47:02.624273,COMPLETED,77083.766,,50,64,10,0.000003,10,2021
3q78hzdxvv,2021-05-12 05:17:45.691817,2021-05-12 05:18:02.000000,2021-05-12 15:45:05.667344,COMPLETED,50000.5,,25,64,10,0.00003,10,2025
rmj3b59hfw,2021-05-12 15:38:26.036415,2021-05-12 15:40:17.000000,,RUNNING,,,25,16,10,0.000003,20,2021
pahz2z64q2,2021-05-12 05:28:14.839700,2021-05-12 05:28:19.000000,2021-05-12 15:38:06.666114,COMPLETED,77708.774,,25,64,10,0.000001,10,2023
rguk99cvq2,2021-05-12 10:11:43.295500,2021-05-12 10:11:50.000000,2021-05-12 15:33:55.515902,COMPLETED,78125.794,,50,16,5,0.00001,20,2025
kjp92n5zyh,2021-05-12 05:02:32.600292,2021-05-12 05:02:51.000000,2021-05-12 15:24:43.903909,COMPLETED,50000.5,,25,4,10,0.00003,10,2024
cckfxn88za,2021-05-12 09:28:34.044697,2021-05-12 09:42:23.000000,2021-05-12 14:58:20.738576,COMPLETED,58541.596,,50,4,10,0.00003,10,2022
pht6758pf2,2021-05-12 14:55:27.585204,2021-05-12 14:55:48.000000,,RUNNING,,,25,64,10,0.00003,20,2021
w5ng545gzy,2021-05-12 09:16:59.649585,2021-05-12 09:42:25.000000,2021-05-12 14:54:48.985797,COMPLETED,50000.5,,50,16,10,0.00003,10,2025
qke594ncew,2021-05-12 02:55:52.904020,2021-05-12 02:56:08.000000,2021-05-12 12:59:42.012695,COMPLETED,50000.5,,25,4,10,0.00003,10,2021
mtm7hzicdj,2021-05-12 03:04:04.786665,2021-05-12 03:04:34.000000,2021-05-12 12:51:23.861857,COMPLETED,72291.714,,50,16,10,0.000001,20,2025
cgcvy32uey,2021-05-12 07:54:04.485109,2021-05-12 07:54:19.000000,2021-05-12 12:44:16.835575,COMPLETED,50000.5,,50,16,10,0.00003,10,2023
m4ic3sqqu6,2021-05-12 01:59:18.465056,2021-05-12 01:59:42.000000,2021-05-12 12:42:49.563833,COMPLETED,62083.612,,25,64,5,0.00003,20,2021
hnzn6snph3,2021-05-12 09:49:30.030214,2021-05-12 09:49:39.000000,2021-05-12 12:33:35.514967,COMPLETED,80000.79,,50,16,5,0.000003,10,2022
5q5k38p7sj,2021-05-11 23:13:28.335801,2021-05-12 01:45:28.000000,2021-05-12 12:27:17.432757,COMPLETED,76250.786,,25,4,10,0.000003,10,2025
3taqeviaw9,2021-05-12 08:56:08.034609,2021-05-12 09:42:54.000000,2021-05-12 12:26:57.037705,COMPLETED,50000.5,,50,4,5,0.00003,10,2024
4b9xpvfbgd,2021-05-12 12:22:33.488423,2021-05-12 12:22:53.000000,,RUNNING,,,25,16,10,0.00001,20,2024
ed4b99qeg4,2021-05-12 02:04:05.366857,2021-05-12 02:04:26.000000,2021-05-12 12:22:24.251676,COMPLETED,75208.772,,50,4,10,0.00001,20,2021
ka45xqzvzh,2021-05-11 21:19:37.954108,2021-05-12 00:53:50.000000,2021-05-12 11:46:51.612272,COMPLETED,73333.738,,25,4,5,0.000001,20,2025
2n5r9dw4mk,2021-05-12 06:10:18.493393,2021-05-12 06:11:53.000000,2021-05-12 11:43:00.715912,COMPLETED,50000.5,,25,4,5,0.00003,10,2024
aq8sb4zs6h,2021-05-12 06:37:27.871552,2021-05-12 06:37:32.000000,2021-05-12 11:40:24.850068,COMPLETED,77708.792,,50,64,10,0.00001,10,2023
u3tpkkutm7,2021-05-12 06:26:54.729136,2021-05-12 06:27:07.000000,2021-05-12 11:34:58.081284,COMPLETED,79583.788,,25,64,5,0.000001,10,2022
wt7vshf3vn,2021-05-12 00:49:02.578229,2021-05-12 00:49:20.000000,2021-05-12 11:18:06.593275,COMPLETED,52083.53,,50,64,10,0.00003,20,2024
wtqsnkzx5e,2021-05-12 08:29:28.021452,2021-05-12 08:29:42.000000,2021-05-12 11:17:48.151183,COMPLETED,78333.79,,50,64,5,0.00001,10,2021
4wkjup62nb,2021-05-12 00:52:33.265069,2021-05-12 00:52:52.000000,2021-05-12 11:14:49.338328,COMPLETED,77083.76,,50,16,10,0.00001,20,2023
hc3fw6tapp,2021-05-12 06:03:17.725654,2021-05-12 06:03:47.000000,2021-05-12 11:12:00.233649,COMPLETED,80000.8,,50,4,10,0.000003,10,2021
47xwv84mfv,2021-05-12 05:52:47.060392,2021-05-12 05:53:03.000000,2021-05-12 11:07:33.542810,COMPLETED,70208.692,,50,16,10,0.000001,10,2024
5bhp4hm3hq,2021-05-12 05:28:15.724188,2021-05-12 05:28:18.000000,2021-05-12 10:56:44.631756,COMPLETED,74166.748,,50,16,5,0.000001,20,2025
jtae4pd6cf,2021-05-12 00:36:12.100492,2021-05-12 00:36:34.000000,2021-05-12 10:54:18.096841,COMPLETED,79791.776,,25,64,10,0.00001,10,2023
3kk4fzadqf,2021-05-11 10:06:22.132120,2021-05-11 11:52:04.000000,2021-05-12 10:50:10.839318,COMPLETED,50000.5,,25,16,10,0.00001,20,2023
kef6qeupc2,2021-05-12 05:40:01.583646,2021-05-12 05:40:14.000000,2021-05-12 10:40:45.151753,COMPLETED,76041.758,,50,16,5,0.000003,20,2021
c857irbd3j,2021-05-12 10:37:21.754074,2021-05-12 10:37:26.000000,,RUNNING,,,25,16,10,0.000003,20,2022
6ym98z7bhk,2021-05-12 05:32:54.786486,2021-05-12 05:33:14.000000,2021-05-12 10:36:24.203686,COMPLETED,78541.788,,50,4,5,0.000003,20,2021
jpm9neys93,2021-05-11 22:59:31.628469,2021-05-11 23:51:01.000000,2021-05-12 10:35:15.965552,COMPLETED,50000.5,,25,16,10,0.00003,10,2023
ejh9v9vsdx,2021-05-12 07:32:44.771602,2021-05-12 07:33:01.000000,2021-05-12 10:10:37.740406,COMPLETED,50000.5,,50,16,5,0.00003,10,2023
vrkfenvcm3,2021-05-12 07:19:40.373656,2021-05-12 07:20:03.000000,2021-05-12 09:49:01.404154,COMPLETED,50000.5,,50,16,5,0.00003,10,2021
8vk34wz7hp,2021-05-12 04:20:30.395835,2021-05-12 04:20:41.000000,2021-05-12 09:34:33.608971,COMPLETED,76666.774,,50,64,10,0.000003,10,2025
wjwdspfwxr,2021-05-12 04:34:32.920071,2021-05-12 04:34:59.000000,2021-05-12 09:28:20.424584,COMPLETED,50000.5,,50,64,10,0.00003,10,2023
g3gmmumnp5,2021-05-12 04:12:19.426595,2021-05-12 04:12:34.000000,2021-05-12 09:15:49.055586,COMPLETED,50000.5,,50,4,5,0.00003,20,2021
pkqcxbrx42,2021-05-11 11:47:36.748755,2021-05-11 11:48:03.000000,2021-05-12 09:13:58.701626,COMPLETED,76875.758,,25,64,10,0.00001,20,2021
cqn67363xu,2021-05-11 10:49:26.983146,2021-05-11 10:49:41.000000,2021-05-12 08:55:47.585427,COMPLETED,83750.82,,25,16,10,0.00001,20,2022
zfdw92mgb3,2021-05-11 21:34:19.858347,2021-05-11 21:34:42.000000,2021-05-12 08:29:02.211600,COMPLETED,80416.776,,25,64,5,0.000001,20,2021
esbw8wy75f,2021-05-11 05:17:40.687305,2021-05-11 09:26:41.000000,2021-05-12 07:56:36.728150,COMPLETED,76250.754,,25,64,10,0.000003,20,2023
iy7rx9vnsv,2021-05-11 20:55:08.327358,2021-05-11 20:55:17.000000,2021-05-12 07:53:57.880404,COMPLETED,50000.5,,25,4,5,0.00001,20,2025
tseyyuvb5n,2021-05-12 07:48:26.777136,2021-05-12 07:48:44.000000,,RUNNING,,,25,64,10,0.00003,20,2022
je7a59egs4,2021-05-11 20:53:58.292377,2021-05-11 20:54:11.000000,2021-05-12 07:48:02.838392,COMPLETED,76666.774,,25,16,10,0.000001,10,2024
vyzfpxvykt,2021-05-11 09:08:03.190540,2021-05-11 09:26:42.000000,2021-05-12 07:44:49.089666,COMPLETED,78958.778,,25,64,10,0.000001,20,2022
xpmez6svzq,2021-05-12 07:37:24.240116,2021-05-12 07:37:33.000000,,RUNNING,,,25,16,10,0.000003,20,2024
2qd936rduk,2021-05-12 02:25:15.161963,2021-05-12 02:25:18.000000,2021-05-12 07:36:57.954391,COMPLETED,60416.582,,25,4,5,0.00001,10,2025
865fyamgxw,2021-05-12 04:56:43.289057,2021-05-12 04:57:00.000000,2021-05-12 07:35:33.593432,COMPLETED,79583.79,,50,64,5,0.00001,10,2024
t4qfe4fiay,2021-05-12 01:51:06.445233,2021-05-12 02:15:09.000000,2021-05-12 07:31:38.976952,COMPLETED,79375.784,,50,16,10,0.000003,10,2023
zyyjbt2vhi,2021-05-12 02:13:32.296466,2021-05-12 02:13:55.000000,2021-05-12 07:30:01.875142,COMPLETED,83333.84,,50,64,5,0.00003,20,2025
czhrddxsnw,2021-05-12 02:13:31.546757,2021-05-12 02:13:55.000000,2021-05-12 07:22:09.049620,COMPLETED,73541.71,,50,64,10,0.000001,10,2021
8y4ygxx7s4,2021-05-11 21:02:06.344715,2021-05-11 21:02:20.000000,2021-05-12 07:18:46.786494,COMPLETED,72916.718,,25,16,10,0.000001,10,2023
vetu56n8dd,2021-05-12 02:05:16.099300,2021-05-12 02:05:31.000000,2021-05-12 07:16:58.816380,COMPLETED,74166.726,,50,64,5,0.00003,20,2023
zjgqimnth4,2021-05-12 02:01:41.935393,2021-05-12 02:05:52.000000,2021-05-12 07:16:00.436751,COMPLETED,50000.5,,25,4,5,0.00003,10,2023
asdbx7w5st,2021-05-11 20:23:32.066181,2021-05-11 20:23:33.000000,2021-05-12 06:42:04.490142,COMPLETED,50000.5,,25,4,10,0.00001,10,2025
uw78beirug,2021-05-11 20:43:29.019407,2021-05-11 20:43:38.000000,2021-05-12 06:36:37.995695,COMPLETED,76041.764,,25,4,10,0.000001,10,2024
pct5zwk9ba,2021-05-12 01:18:13.158335,2021-05-12 01:18:14.000000,2021-05-12 06:26:42.594424,COMPLETED,74166.724,,50,4,10,0.000001,10,2024
timyjda2y9,2021-05-11 22:56:02.563447,2021-05-12 01:12:40.000000,2021-05-12 06:25:35.709673,COMPLETED,70833.7,,50,64,10,0.000003,10,2024
3223ejpew6,2021-05-11 23:16:58.523113,2021-05-12 00:57:06.000000,2021-05-12 06:16:13.686533,COMPLETED,76041.766,,50,4,5,0.000003,20,2025
wx53wgcmya,2021-05-12 00:51:23.143505,2021-05-12 00:51:58.000000,2021-05-12 06:10:10.344459,COMPLETED,78125.76,,50,64,5,0.00003,20,2022
9nm88nnygz,2021-05-11 23:21:37.887177,2021-05-12 00:54:35.000000,2021-05-12 06:05:46.118518,COMPLETED,80833.8,,25,16,5,0.000003,10,2022
6zy7myf8fc,2021-05-12 00:53:43.508363,2021-05-12 00:54:04.000000,2021-05-12 06:02:02.695803,COMPLETED,74166.744,,50,64,5,0.000003,20,2024
8xbh22jkdb,2021-05-12 03:13:44.951159,2021-05-12 03:14:05.000000,2021-05-12 05:52:06.255137,COMPLETED,76041.768,,50,64,5,0.000003,10,2021
pbsamxh99r,2021-05-12 02:53:27.830225,2021-05-12 02:53:45.000000,2021-05-12 05:39:06.534747,COMPLETED,50000.502,,50,4,5,0.00001,10,2021
h5n5gacgey,2021-05-11 22:59:32.325167,2021-05-12 00:22:54.000000,2021-05-12 05:38:48.428314,COMPLETED,80208.786,,50,4,10,0.00001,10,2025
irbr8gccbg,2021-05-12 00:29:14.837179,2021-05-12 00:29:31.000000,2021-05-12 05:31:55.201050,COMPLETED,74375.738,,25,16,5,0.000001,10,2021
85xmqdjccy,2021-05-12 00:06:03.991367,2021-05-12 00:16:16.000000,2021-05-12 05:27:22.546488,COMPLETED,77083.744,,25,4,5,0.000001,10,2022
gz2ds4pcwk,2021-05-11 19:13:41.171741,2021-05-11 19:14:04.000000,2021-05-12 05:27:05.325187,COMPLETED,48541.498,,50,16,10,0.00001,20,2021
kipcv7x3yd,2021-05-12 02:38:17.144517,2021-05-12 02:42:55.000000,2021-05-12 05:16:49.966326,COMPLETED,79791.81,,50,4,5,0.000003,10,2023
p4svxnqyna,2021-05-11 23:32:06.243774,2021-05-11 23:47:26.000000,2021-05-12 05:02:03.472310,COMPLETED,80416.816,,50,4,5,0.000003,20,2022
8sn8qvt2ir,2021-05-11 18:02:08.773687,2021-05-11 18:16:23.000000,2021-05-12 04:56:23.049823,COMPLETED,82083.8,,25,64,10,0.00001,10,2025
7kyycrta7w,2021-05-12 01:45:14.860449,2021-05-12 01:45:42.000000,2021-05-12 04:33:17.347167,COMPLETED,50000.5,,50,4,5,0.00003,10,2021
a5282iwsbi,2021-05-11 22:28:02.153874,2021-05-11 23:10:19.000000,2021-05-12 04:26:50.319783,COMPLETED,77916.808,,50,16,10,0.00001,10,2025
nwq7s9k2dx,2021-05-11 22:26:51.701125,2021-05-11 22:59:20.000000,2021-05-12 04:19:49.810054,COMPLETED,76250.758,,25,64,5,0.00003,10,2022
typbb9nycx,2021-05-11 17:07:04.027397,2021-05-11 17:12:05.000000,2021-05-12 04:11:21.628875,COMPLETED,50000.5,,25,16,5,0.00003,20,2021
c3tgvhew8h,2021-05-11 17:21:07.799896,2021-05-11 17:21:10.000000,2021-05-12 03:38:54.014959,COMPLETED,50000.5,,25,4,10,0.00001,10,2022
5cv7gfg5yx,2021-05-11 22:19:52.230549,2021-05-11 22:20:10.000000,2021-05-12 03:35:36.146536,COMPLETED,50000.5,,50,4,5,0.00003,20,2022
rs99zwmt8e,2021-05-11 17:21:07.097227,2021-05-11 17:21:11.000000,2021-05-12 03:32:46.467818,COMPLETED,81458.794,,25,64,10,0.00003,10,2022
37vtinmm4k,2021-05-11 22:24:31.723659,2021-05-11 22:24:54.000000,2021-05-12 03:27:26.573372,COMPLETED,74166.73,,25,16,5,0.000001,10,2023
f4npp93svz,2021-05-12 00:44:22.456922,2021-05-12 00:44:32.000000,2021-05-12 03:18:24.637510,COMPLETED,77291.776,,50,64,5,0.00001,10,2023
vnffxhievx,2021-05-11 21:15:36.074449,2021-05-11 21:52:00.000000,2021-05-12 03:12:57.384441,COMPLETED,86458.836,,50,4,10,0.00003,10,2024
r6ibstsf4i,2021-05-12 00:24:36.475033,2021-05-12 00:26:08.000000,2021-05-12 03:04:00.205652,COMPLETED,81458.794,,50,64,5,0.000001,10,2023
4t2hx9edz4,2021-05-11 21:39:09.099671,2021-05-11 21:52:12.000000,2021-05-12 02:55:30.624945,COMPLETED,73333.746,,25,4,5,0.000001,10,2021
tu7wzkxas5,2021-05-11 14:35:33.952558,2021-05-11 15:28:00.000000,2021-05-12 02:52:20.022836,COMPLETED,72708.746,,25,4,5,0.000001,20,2024
tt6zvqyaqv,2021-05-11 23:59:04.365846,2021-05-11 23:59:06.000000,2021-05-12 02:36:58.979643,COMPLETED,50000.5,,50,16,5,0.00001,10,2025
mwffpm7f78,2021-05-11 15:51:51.835472,2021-05-11 16:07:17.000000,2021-05-12 02:25:54.621731,COMPLETED,76250.766,,50,16,10,0.000001,20,2021
z7eatmmvjm,2021-05-11 21:05:37.050571,2021-05-11 21:06:11.000000,2021-05-12 02:24:34.902198,COMPLETED,74166.748,,50,16,5,0.000003,20,2025
qsi58rqpz5,2021-05-11 14:45:01.320492,2021-05-11 15:27:54.000000,2021-05-12 02:20:57.745002,COMPLETED,77291.762,,25,4,5,0.000003,20,2023
fsqehk4ez2,2021-05-11 08:24:56.888788,2021-05-11 14:47:08.000000,2021-05-12 02:17:28.091259,COMPLETED,70416.71,,25,64,5,0.000001,20,2024
hh4bp5dtie,2021-05-11 20:39:49.217085,2021-05-11 20:39:52.000000,2021-05-12 02:13:24.498393,COMPLETED,79375.774,,50,64,5,0.000001,20,2022
bm6abwd962,2021-05-11 07:03:26.195783,2021-05-11 15:28:02.000000,2021-05-12 02:12:49.433556,COMPLETED,75625.738,,25,64,5,0.000001,20,2023
cqpcx6uyc8,2021-05-11 02:26:08.609291,2021-05-11 15:27:58.000000,2021-05-12 02:04:39.575604,COMPLETED,78750.774,,50,16,10,0.000001,20,2023
2wchdadpxg,2021-05-11 09:43:03.476895,2021-05-11 15:28:01.000000,2021-05-12 02:03:31.169591,COMPLETED,85000.862,,25,4,10,0.00001,10,2023
yuecy9mqi4,2021-05-11 20:40:59.852313,2021-05-11 20:41:05.000000,2021-05-12 02:00:36.664882,COMPLETED,73125.722,,50,4,5,0.000001,20,2024
56h2rhz5he,2021-05-11 07:16:14.657747,2021-05-11 15:27:52.000000,2021-05-12 01:59:43.967215,COMPLETED,75416.752,,50,64,10,0.000003,20,2021
6dmyk8swnw,2021-05-11 13:44:17.282141,2021-05-11 15:28:02.000000,2021-05-12 01:58:44.686599,COMPLETED,84375.856,,25,4,10,0.00001,10,2021
9dfn2fhadc,2021-05-11 12:05:08.553469,2021-05-11 15:27:56.000000,2021-05-12 01:50:13.221225,COMPLETED,73333.754,,50,16,10,0.000003,20,2024
ywee9yj2jp,2021-05-11 14:48:35.726467,2021-05-11 15:07:10.000000,2021-05-12 01:45:39.774436,COMPLETED,50000.5,,50,4,10,0.00003,20,2023
8gk4mh9a82,2021-05-11 01:56:44.161165,2021-05-11 15:28:01.000000,2021-05-12 01:44:59.792775,COMPLETED,74375.734,,25,64,10,0.000003,10,2022
hjicpgvg3r,2021-05-11 18:39:31.338177,2021-05-11 19:17:42.000000,2021-05-12 00:35:58.293672,COMPLETED,71875.74,,25,16,5,0.00001,10,2023
hfxv2hud25,2021-05-11 19:24:08.927981,2021-05-11 19:24:20.000000,2021-05-12 00:28:42.466109,COMPLETED,78333.76,,25,16,5,0.000001,10,2025
z6dtks9xk7,2021-05-11 14:18:01.786919,2021-05-11 14:18:12.000000,2021-05-12 00:23:25.872484,COMPLETED,76041.75,,50,4,10,0.000003,20,2022
22mm5p77s7,2021-05-11 02:23:46.443767,2021-05-11 02:23:54.000000,2021-05-12 00:05:46.841446,COMPLETED,50000.5,,25,64,10,0.00003,20,2024
wmurmzxui9,2021-05-11 13:06:47.653412,2021-05-11 13:32:14.000000,2021-05-11 23:58:25.583089,COMPLETED,76875.784,,25,16,10,0.000001,10,2025
u7yv92pj9q,2021-05-11 20:52:46.861152,2021-05-11 20:52:55.000000,2021-05-11 23:31:44.712497,COMPLETED,75416.76,,50,64,5,0.000001,10,2021
y5s4xc8j8f,2021-05-11 11:52:19.446103,2021-05-11 13:21:29.000000,2021-05-11 23:21:25.756990,COMPLETED,74583.734,,50,4,10,0.000001,20,2025
mscvx57z8d,2021-05-11 20:32:50.494999,2021-05-11 20:32:52.000000,2021-05-11 23:16:07.961307,COMPLETED,50000.5,,50,4,5,0.00003,10,2023
6m4s7nq626,2021-05-11 09:37:11.889159,2021-05-11 13:14:28.000000,2021-05-11 23:13:21.495452,COMPLETED,77916.762,,25,64,10,0.000001,10,2021
3m8sv93ssa,2021-05-11 10:04:02.258837,2021-05-11 12:24:05.000000,2021-05-11 22:59:20.679691,COMPLETED,79583.818,,25,16,10,0.000001,10,2022
sw3t9w78z5,2021-05-11 20:09:32.988613,2021-05-11 20:09:41.000000,2021-05-11 22:58:25.459079,COMPLETED,73958.766,,50,4,5,0.000001,10,2024
a3mphz9x87,2021-05-11 17:59:45.247420,2021-05-11 20:09:22.000000,2021-05-11 22:55:28.832868,COMPLETED,50000.5,,50,4,5,0.00001,10,2025
x3w5z6hzi2,2021-05-11 18:14:59.467006,2021-05-11 19:38:00.000000,2021-05-11 22:27:21.466534,COMPLETED,83750.8,,50,16,5,0.00001,10,2021
j4ndiuidmf,2021-05-11 02:28:28.246756,2021-05-11 11:47:26.000000,2021-05-11 22:26:30.449271,COMPLETED,54791.564,,50,64,10,0.00003,20,2023
ugxng6523y,2021-05-11 17:11:45.224190,2021-05-11 17:12:08.000000,2021-05-11 22:23:35.697274,COMPLETED,79791.8,,50,16,5,0.00001,20,2023
ghzxum68vh,2021-05-11 16:48:19.077454,2021-05-11 17:00:41.000000,2021-05-11 22:19:02.793650,COMPLETED,78541.772,,50,16,5,0.000001,20,2022
mm8p7s7cke,2021-05-11 01:45:23.407085,2021-05-11 10:15:34.000000,2021-05-11 22:09:04.185265,COMPLETED,76041.76,,25,16,5,0.000003,20,2023
w8e8j8p35j,2021-05-11 19:04:01.863315,2021-05-11 19:04:19.000000,2021-05-11 21:38:30.734703,COMPLETED,78541.792,,50,16,5,0.000003,10,2021
7vai35h4pb,2021-05-11 16:03:36.052823,2021-05-11 16:12:23.000000,2021-05-11 21:33:23.318084,COMPLETED,79375.796,,25,4,5,0.000003,10,2021
bakp4abebc,2021-05-11 14:54:26.176063,2021-05-11 15:49:04.000000,2021-05-11 21:19:10.983403,COMPLETED,77500.76,,50,64,10,0.00001,10,2022
26macv69ud,2021-05-11 16:11:46.055969,2021-05-11 16:12:04.000000,2021-05-11 21:18:28.113851,COMPLETED,76250.768,,25,64,5,0.000003,10,2024
ti2bcdht2j,2021-05-11 14:59:08.172302,2021-05-11 15:52:45.000000,2021-05-11 21:15:25.433775,COMPLETED,84166.834,,50,64,5,0.00003,20,2024
favdbtapph,2021-05-11 18:04:29.193105,2021-05-11 18:16:34.000000,2021-05-11 21:04:45.093383,COMPLETED,82708.814,,50,16,5,0.00001,10,2022
z8947vzvkn,2021-05-12 03:39:34.121063,2021-05-12 03:39:49.000000,2021-05-12 14:24:15.000743,COMPLETED,79583.776,,25,16,10,0.000003,10,2025
6rtyhwwgvp,2021-05-11 08:47:04.002377,2021-05-11 15:27:58.000000,2021-05-12 14:17:37.911534,COMPLETED,74375.744,,25,4,10,0.000001,20,2024
iv5nq3aife,2021-05-12 03:36:02.696520,2021-05-12 03:36:04.000000,2021-05-12 13:56:56.950771,COMPLETED,73333.746,,50,4,10,0.000003,20,2025
9fxbzeqfqq,2021-05-12 03:27:52.241960,2021-05-12 03:28:12.000000,2021-05-12 13:29:30.508074,COMPLETED,80625.786,,50,4,10,0.000003,20,2024
6uar7k8awf,2021-05-12 03:19:36.036911,2021-05-12 03:19:52.000000,2021-05-12 13:24:46.750203,COMPLETED,75625.758,,25,64,10,0.000001,10,2025
pxgc4atesb,2021-05-12 10:40:50.992956,2021-05-12 10:41:13.000000,2021-05-12 13:17:20.659942,COMPLETED,75416.75,,50,16,5,0.00001,10,2024
tvdkug52pp,2021-05-12 07:56:57.163853,2021-05-12 07:57:24.000000,2021-05-12 13:13:05.268038,COMPLETED,84166.828,,50,64,10,0.00003,10,2025
hvkkba3hz9,2021-05-12 01:12:22.172232,2021-05-12 01:47:50.000000,2021-05-12 13:12:10.646653,COMPLETED,79166.79,,25,4,5,0.000001,20,2021
k4pw9mn4vu,2021-05-12 02:00:30.512480,2021-05-12 02:00:50.000000,2021-05-12 13:09:11.529206,COMPLETED,81250.806,,25,64,5,0.00003,20,2023
hyit47j4e4,2021-05-11 03:08:15.822392,2021-05-11 14:35:19.000000,2021-05-12 13:06:47.206547,COMPLETED,79791.768,,25,64,10,0.00001,20,2022
7g7e2jfp6h,2021-05-11 06:07:42.843663,2021-05-11 10:08:25.000000,2021-05-11 21:02:03.597041,COMPLETED,62500.626,,25,4,5,0.00001,20,2021
x6ui5gwbuh,2021-05-11 15:28:32.749071,2021-05-11 15:49:09.000000,2021-05-11 21:01:59.410672,COMPLETED,78541.776,,50,64,10,0.000001,10,2023
w77ygqh27a,2021-05-11 14:41:29.783344,2021-05-11 15:27:58.000000,2021-05-11 20:54:24.675905,COMPLETED,79375.796,,50,4,5,0.00001,20,2021
cd6ssy8g9a,2021-05-11 15:09:44.510338,2021-05-11 15:28:01.000000,2021-05-11 20:53:28.357638,COMPLETED,50000.5,,50,16,10,0.00001,10,2024
idwb4dq4vj,2021-05-11 02:42:29.681187,2021-05-11 09:26:41.000000,2021-05-11 20:51:31.762296,COMPLETED,78333.76,,25,4,5,0.000003,20,2025
q25xu49vq2,2021-05-11 12:55:08.456206,2021-05-11 15:27:56.000000,2021-05-11 20:42:06.599029,COMPLETED,50000.5,,50,4,10,0.00001,10,2024
tzd9zsysda,2021-05-11 02:17:54.326499,2021-05-11 14:56:23.000000,2021-05-11 20:40:43.578346,COMPLETED,73750.736,,50,64,5,0.000001,20,2021
23abxr6d23,2021-05-11 13:24:23.692948,2021-05-11 15:27:59.000000,2021-05-11 20:39:23.732044,COMPLETED,78125.776,,25,64,5,0.000003,10,2022
y6uzky8jtd,2021-05-11 03:03:31.889042,2021-05-11 15:28:02.000000,2021-05-11 20:32:43.914586,COMPLETED,50000.5,,50,64,10,0.00003,10,2024
tucktgva3c,2021-05-10 21:44:45.904794,2021-05-10 21:45:28.000000,2021-05-11 20:22:44.576235,COMPLETED,50000.5,,25,4,10,0.00003,20,2021
vgfqvtv4aq,2021-05-11 05:42:05.828183,2021-05-11 14:46:45.000000,2021-05-11 20:09:46.709905,COMPLETED,84791.826,,25,16,5,0.00001,10,2024
z37q96ks36,2021-05-11 13:36:06.363591,2021-05-11 14:54:11.000000,2021-05-11 20:09:22.657855,COMPLETED,77708.812,,50,16,5,0.00001,20,2024
cxzaxhn2sj,2021-05-10 21:02:23.918649,2021-05-10 21:02:25.000000,2021-05-11 19:23:12.693800,COMPLETED,50000.5,,25,16,10,0.00003,20,2024
geikvq9k9x,2021-05-11 07:38:19.667624,2021-05-11 13:45:16.000000,2021-05-11 19:13:13.218109,COMPLETED,50000.5,,50,16,10,0.00003,10,2024
n3j8s2w442,2021-05-10 21:05:56.326332,2021-05-10 21:05:59.000000,2021-05-11 19:03:32.215842,COMPLETED,80000.786,,25,16,10,0.00001,20,2025
m76a6mfpbs,2021-05-11 07:46:32.416912,2021-05-11 07:46:40.000000,2021-05-11 18:48:26.601712,COMPLETED,50000.502,,25,16,5,0.00001,20,2021
2k44zwse2e,2021-05-11 15:44:52.151689,2021-05-11 15:48:30.000000,2021-05-11 18:43:23.399379,COMPLETED,77916.786,,50,64,5,0.000001,10,2025
atq3dp88xt,2021-05-11 08:05:10.596469,2021-05-11 13:20:49.000000,2021-05-11 18:38:39.501272,COMPLETED,81458.79,,25,16,5,0.000003,10,2021
x2php6mz4u,2021-05-10 21:34:14.824062,2021-05-10 21:34:22.000000,2021-05-11 18:25:00.861821,COMPLETED,69583.704,,25,4,10,0.000003,20,2021
p4m57bt6nh,2021-05-11 03:04:44.793665,2021-05-11 13:14:28.000000,2021-05-11 18:14:02.897598,COMPLETED,80208.792,,50,16,10,0.000001,10,2022
69wjby5e24,2021-05-11 02:55:17.762007,2021-05-11 15:27:56.000000,2021-05-11 18:03:29.021368,COMPLETED,73333.722,,50,4,5,0.000001,10,2023
wm64mhnbv3,2021-05-11 15:07:20.946863,2021-05-11 15:21:04.000000,2021-05-11 18:01:18.907577,COMPLETED,80000.796,,50,64,5,0.00003,10,2023
p2x8b7xrt5,2021-05-11 07:41:51.333292,2021-05-11 07:42:18.000000,2021-05-11 17:58:58.555209,COMPLETED,50000.5,,50,16,10,0.00003,20,2025
b5guuhm2ym,2021-05-11 08:31:53.906157,2021-05-11 11:51:11.000000,2021-05-11 17:20:54.467693,COMPLETED,73125.736,,50,64,5,0.000003,20,2025
cxbt2ww8h3,2021-05-11 08:14:27.422652,2021-05-11 14:35:17.000000,2021-05-11 17:20:09.838115,COMPLETED,84166.826,,50,64,5,0.00003,10,2024
euy2mpait9,2021-05-11 11:57:02.451054,2021-05-11 11:57:13.000000,2021-05-11 17:11:28.359353,COMPLETED,73333.716,,50,64,5,0.000001,20,2023
vtmxnaft6c,2021-05-11 02:17:53.667888,2021-05-11 06:45:09.000000,2021-05-11 17:06:07.156893,COMPLETED,55208.538,,50,4,10,0.00001,20,2022
zwcrdfj2bc,2021-05-11 07:12:44.327406,2021-05-11 14:05:24.000000,2021-05-11 16:47:19.751710,COMPLETED,78750.774,,50,64,5,0.00003,10,2022
h5ffbqgbav,2021-05-11 08:43:32.374202,2021-05-11 13:35:18.000000,2021-05-11 16:11:25.202230,COMPLETED,80416.798,,50,16,5,0.000003,10,2024
tun3c2nip5,2021-05-10 18:40:51.311152,2021-05-10 18:41:01.000000,2021-05-11 16:02:19.510195,COMPLETED,50000.5,,25,16,10,0.00003,20,2022
3y3dkf3wad,2021-05-11 02:44:50.191361,2021-05-11 10:36:49.000000,2021-05-11 15:51:25.478680,COMPLETED,77291.78,,50,16,10,0.000001,10,2023
pvhudnh3g8,2021-05-11 04:48:33.636342,2021-05-11 05:12:23.000000,2021-05-11 15:44:13.690467,COMPLETED,80833.782,,25,16,5,0.000001,20,2022
vgi4di88v2,2021-05-10 18:15:08.104380,2021-05-10 18:15:13.000000,2021-05-11 15:28:01.089120,COMPLETED,50000.5,,25,4,10,0.00001,20,2022
9uyirpd5g6,2021-05-10 15:48:02.695319,2021-05-10 15:48:09.000000,2021-05-11 15:09:17.378370,COMPLETED,76666.742,,25,64,10,0.00001,20,2024
5wd25rq2zp,2021-05-11 08:47:03.372810,2021-05-11 09:36:48.000000,2021-05-11 15:07:01.137917,COMPLETED,79583.778,,25,16,5,0.00001,10,2025
fgusng3h9q,2021-05-11 02:06:11.393803,2021-05-11 09:26:36.000000,2021-05-11 14:58:07.854489,COMPLETED,77500.78,,50,16,10,0.000003,10,2021
8cemtqnf3r,2021-05-11 04:11:09.491397,2021-05-11 04:11:39.000000,2021-05-11 14:53:53.189673,COMPLETED,50000.5,,25,4,5,0.00001,20,2023
k5iqckzuv8,2021-05-11 02:37:46.001125,2021-05-11 04:31:32.000000,2021-05-11 14:48:13.137447,COMPLETED,80625.79,,25,64,10,0.000003,10,2023
rwg56qc3gs,2021-05-10 16:11:36.876154,2021-05-10 16:11:46.000000,2021-05-11 14:44:13.758329,COMPLETED,50000.5,,25,64,10,0.00003,20,2023
ctevypt3vv,2021-05-11 02:41:17.974458,2021-05-11 09:26:53.000000,2021-05-11 14:40:45.687333,COMPLETED,50000.5,,25,16,5,0.00003,10,2024
s6bhubm8h8,2021-05-11 06:43:42.150311,2021-05-11 09:26:42.000000,2021-05-11 14:35:20.316860,COMPLETED,76875.772,,50,4,10,0.000003,10,2024
kbvizjrn33,2021-05-11 02:40:07.932467,2021-05-11 04:00:01.000000,2021-05-11 14:30:32.338100,COMPLETED,50000.5,,50,64,10,0.00003,20,2021
nuryj7pu2r,2021-05-10 16:10:25.250218,2021-05-10 16:25:33.000000,2021-05-11 14:17:34.613238,COMPLETED,50000.5,,25,4,10,0.00003,20,2022
fcnmzq66vy,2021-05-11 02:54:07.716617,2021-05-11 03:30:13.000000,2021-05-11 14:14:53.011518,COMPLETED,50000.5,,25,16,5,0.00003,20,2024
wbduwtvt2z,2021-05-11 02:59:56.773134,2021-05-11 08:56:24.000000,2021-05-11 14:13:44.450178,COMPLETED,72916.74,,50,4,5,0.000001,20,2023
k2xcnnff2y,2021-05-10 15:30:25.606880,2021-05-10 15:30:28.000000,2021-05-11 13:43:55.196593,COMPLETED,49791.496,,25,4,10,0.00001,20,2025
bmrwq82hu7,2021-05-10 15:53:52.846794,2021-05-10 15:53:53.000000,2021-05-11 13:35:54.897113,COMPLETED,50000.5,,25,4,10,0.00001,20,2024
uzn97trwzm,2021-05-10 16:04:30.418051,2021-05-10 16:04:32.000000,2021-05-11 13:23:48.978559,COMPLETED,77500.788,,25,64,10,0.000003,20,2024
yjjh34tf6d,2021-05-11 08:01:41.335181,2021-05-11 08:02:03.000000,2021-05-11 13:05:44.829042,COMPLETED,73333.746,,50,4,10,0.000001,10,2021
3yzu9ez3ze,2021-05-11 02:13:10.085355,2021-05-11 02:36:10.000000,2021-05-11 12:54:24.543094,COMPLETED,79583.784,,25,4,10,0.000001,10,2023
c6gut9kzzh,2021-05-11 00:20:49.038965,2021-05-11 00:23:39.000000,2021-05-11 12:04:09.488058,COMPLETED,75833.764,,25,16,5,0.000003,20,2025
bmvmai6fx2,2021-05-11 09:20:53.725081,2021-05-11 09:21:12.000000,2021-05-11 11:56:52.453809,COMPLETED,78958.772,,50,64,5,0.00001,10,2025
ns93h5n9s7,2021-05-11 03:24:34.796257,2021-05-11 06:30:16.000000,2021-05-11 11:51:12.295921,COMPLETED,78750.774,,50,64,5,0.000003,20,2023
qdtemwbktr,2021-05-11 05:44:26.650636,2021-05-11 06:30:21.000000,2021-05-11 11:47:26.963807,COMPLETED,50000.5,,50,16,5,0.00003,20,2021
ri9auzbcpc,2021-05-10 13:34:01.506567,2021-05-10 13:34:22.000000,2021-05-11 10:48:47.046302,COMPLETED,50000.5,,25,16,10,0.00003,20,2021
gwrrci3ze8,2021-05-10 23:51:54.923878,2021-05-10 23:52:01.000000,2021-05-11 10:05:52.222828,COMPLETED,77916.764,,50,16,10,0.000001,20,2024
wvexf2qu6e,2021-05-11 04:45:03.188458,2021-05-11 04:45:42.000000,2021-05-11 10:03:26.649812,COMPLETED,82500.79,,50,4,5,0.00001,20,2025
w29cc4ugue,2021-05-10 21:16:36.759776,2021-05-10 21:17:07.000000,2021-05-11 08:31:38.710954,COMPLETED,72916.712,,25,64,5,0.000003,20,2024
3fptytxzdu,2021-05-10 21:44:44.988323,2021-05-10 21:45:37.000000,2021-05-11 08:24:23.550136,COMPLETED,76666.758,,25,64,10,0.000001,10,2024
sp8rjagr33,2021-05-11 03:01:10.628841,2021-05-11 03:01:43.000000,2021-05-11 08:14:03.971207,COMPLETED,79166.796,,50,4,10,0.000001,10,2022
pku6aw4bpv,2021-05-10 22:00:02.467442,2021-05-10 22:00:29.000000,2021-05-11 08:05:07.137026,COMPLETED,50000.5,,50,16,10,0.00003,20,2022
efaqans5f2,2021-05-10 21:18:59.805373,2021-05-10 21:19:03.000000,2021-05-11 08:01:13.951911,COMPLETED,80208.804,,25,64,5,0.00001,20,2024
3ss2a82dji,2021-05-10 20:45:57.612573,2021-05-10 20:46:00.000000,2021-05-11 07:45:31.132403,COMPLETED,50000.5,,25,64,10,0.00003,10,2024
4zemak9gaf,2021-05-11 01:53:10.730973,2021-05-11 02:28:55.000000,2021-05-11 07:40:37.874764,COMPLETED,80625.792,,25,64,5,0.00001,10,2025
e9qepp5znr,2021-05-11 02:16:41.092746,2021-05-11 02:17:04.000000,2021-05-11 07:37:49.741400,COMPLETED,50000.5,,50,4,5,0.00003,20,2023
3jcva6ve4i,2021-05-10 21:05:57.204012,2021-05-10 21:06:07.000000,2021-05-11 07:15:48.262075,COMPLETED,75833.78,,50,64,10,0.00001,20,2025
b7v5dy4d9u,2021-05-10 20:57:43.729830,2021-05-10 20:57:46.000000,2021-05-11 07:12:07.403411,COMPLETED,78333.782,,25,16,10,0.000003,10,2021
9bzdfrw3ja,2021-05-11 00:45:29.865905,2021-05-11 01:55:23.000000,2021-05-11 07:03:13.653943,COMPLETED,79166.794,,50,4,10,0.000003,10,2025
nydrjnu6nm,2021-05-10 19:34:46.277488,2021-05-10 19:35:35.000000,2021-05-11 06:43:03.189905,COMPLETED,81250.784,,50,16,10,0.000003,20,2021
dtmjc4qvuk,2021-05-11 02:59:57.461931,2021-05-11 03:26:25.000000,2021-05-11 06:07:06.124136,COMPLETED,80625.782,,50,16,5,0.000003,10,2025
w3ndqq36t8,2021-05-10 19:26:33.719968,2021-05-10 19:26:45.000000,2021-05-11 05:43:50.905220,COMPLETED,76666.78,,25,64,10,0.000003,10,2021
87dxy77u8m,2021-05-10 08:03:35.560515,2021-05-10 08:06:01.000000,2021-05-11 05:40:54.682568,COMPLETED,80833.792,,25,16,10,0.000001,20,2023
9i83bcqn33,2021-05-10 18:36:10.064330,2021-05-10 18:36:31.000000,2021-05-11 05:17:36.796181,COMPLETED,77083.786,,25,16,10,0.000003,10,2024
iiqhy28p5b,2021-05-10 18:37:21.139798,2021-05-10 18:37:30.000000,2021-05-11 04:47:29.566991,COMPLETED,76666.786,,50,16,10,0.00001,20,2025
pcqqgwu7iv,2021-05-10 18:43:12.766491,2021-05-10 18:43:18.000000,2021-05-11 04:44:15.220308,COMPLETED,72708.728,,50,64,10,0.000001,20,2021
jhdsk5fnas,2021-05-10 15:26:54.030711,2021-05-10 15:26:55.000000,2021-05-11 02:17:21.248484,COMPLETED,50000.5,,25,4,5,0.00003,20,2024
rgnpyqzagy,2021-05-10 21:04:45.644419,2021-05-10 21:04:54.000000,2021-05-11 02:17:31.576511,COMPLETED,50208.508,,50,16,5,0.00001,20,2021
5yakq2dhru,2021-05-10 15:46:51.357703,2021-05-10 15:47:04.000000,2021-05-11 02:15:51.721331,COMPLETED,75000.736,,50,64,10,0.000001,20,2025
vdzeac64qd,2021-05-10 16:03:19.663942,2021-05-10 16:03:25.000000,2021-05-11 02:12:15.473905,COMPLETED,81041.796,,50,64,10,0.00001,20,2023
y359r3vahp,2021-05-10 16:08:04.585111,2021-05-10 16:08:09.000000,2021-05-11 02:11:39.879269,COMPLETED,85208.858,,50,4,10,0.00001,20,2023
6d8n97kjvx,2021-05-10 21:11:56.112704,2021-05-10 21:11:59.000000,2021-05-11 02:11:10.254926,COMPLETED,70416.686,,25,64,5,0.000001,10,2024
d77bmg962f,2021-05-11 18:48:54.127969,2021-05-11 20:41:34.000000,2021-05-12 01:42:08.953901,COMPLETED,72708.748,,50,16,5,0.000001,20,2024
pajrzn9dmz,2021-05-11 21:19:37.063125,2021-05-11 22:36:48.000000,2021-05-12 01:17:23.115663,COMPLETED,80208.8,,50,4,5,0.000003,10,2021
5ktmyb8zha,2021-05-11 00:06:59.770772,2021-05-11 03:06:28.000000,2021-05-12 01:11:49.500490,COMPLETED,69166.676,,25,4,10,0.00001,20,2023
ihg8wtf3jb,2021-05-11 14:15:40.847286,2021-05-11 14:16:07.000000,2021-05-12 01:08:55.070659,COMPLETED,72500.744,,25,4,5,0.000003,20,2024
d6bdrg3j68,2021-05-11 18:44:13.342429,2021-05-11 19:37:22.000000,2021-05-12 00:52:54.766379,COMPLETED,50000.5,,50,16,5,0.00003,20,2022
k83x5yzeti,2021-05-11 22:10:26.970471,2021-05-11 22:10:45.000000,2021-05-12 00:51:41.790295,COMPLETED,50000.5,,50,4,5,0.00003,10,2022
uhnedzgiyd,2021-05-11 02:11:59.376377,2021-05-11 03:49:02.000000,2021-05-12 00:50:32.596603,COMPLETED,72500.74,,25,64,10,0.00001,20,2023
us88xh9d9f,2021-05-11 14:14:29.554219,2021-05-11 14:15:16.000000,2021-05-12 00:47:59.290217,COMPLETED,78333.782,,25,16,10,0.000003,10,2022
5v9pyaghnp,2021-05-11 14:30:52.964949,2021-05-11 14:31:05.000000,2021-05-12 00:43:45.166726,COMPLETED,82708.832,,25,64,10,0.00001,10,2021
n42psrzyj8,2021-05-10 21:03:34.546738,2021-05-10 21:03:44.000000,2021-05-11 02:06:01.739843,COMPLETED,75625.76,,50,4,10,0.000001,10,2025
xr33ama96m,2021-05-10 20:48:19.565239,2021-05-10 20:48:24.000000,2021-05-11 02:01:00.467435,COMPLETED,77916.764,,50,64,5,0.00001,20,2025
7zmm49e2is,2021-05-10 20:53:02.648325,2021-05-10 20:53:06.000000,2021-05-11 01:59:08.885921,COMPLETED,50000.5,,25,4,5,0.00001,10,2021
y2af4ufmie,2021-05-10 20:48:20.288447,2021-05-10 20:54:41.000000,2021-05-11 01:55:40.408269,COMPLETED,79375.796,,50,4,10,0.000003,10,2023
ihv3sddrh4,2021-05-10 15:29:13.888325,2021-05-10 15:29:21.000000,2021-05-11 01:52:59.856887,COMPLETED,80416.804,,25,64,10,0.00001,10,2022
mef6b9qc5x,2021-05-10 15:16:23.819730,2021-05-10 15:16:26.000000,2021-05-11 01:44:16.904044,COMPLETED,76875.766,,50,16,10,0.000003,20,2022
e8r9r33qf5,2021-05-10 19:18:23.895949,2021-05-10 19:25:36.000000,2021-05-11 00:44:28.432603,COMPLETED,50000.5,,25,4,5,0.00003,10,2021
8g6zux3xn6,2021-05-10 21:31:50.694047,2021-05-10 21:34:21.000000,2021-05-11 00:19:46.976998,COMPLETED,75208.762,,50,64,5,0.000001,10,2022
z3k9fzfy3a,2021-05-10 13:29:22.586226,2021-05-10 13:29:34.000000,2021-05-11 00:05:54.335883,COMPLETED,75208.752,,25,16,5,0.000001,20,2021
hmmyrkidjk,2021-05-10 23:51:55.770259,2021-05-10 23:51:59.000000,2021-05-10 23:55:16.804498,FAILED,,,25,64,5,0.00003,20,2025
hdih4zch83,2021-05-10 13:35:11.570690,2021-05-10 13:35:21.000000,2021-05-10 23:50:28.488968,COMPLETED,80000.78,,25,16,10,0.000003,10,2023
2638hsxwhw,2021-05-10 21:05:58.120685,2021-05-10 21:06:21.000000,2021-05-10 23:50:03.674153,COMPLETED,77500.744,,50,16,5,0.000001,10,2021
ydw7xcycyz,2021-05-10 10:47:19.599749,2021-05-10 10:47:20.000000,2021-05-10 21:59:00.153140,COMPLETED,78541.784,,25,64,5,0.000003,20,2021
jp8d4ncnpb,2021-05-10 16:34:53.587444,2021-05-10 16:35:10.000000,2021-05-10 21:55:48.578072,COMPLETED,85000.822,,50,4,5,0.00001,20,2022
yvbydxja9q,2021-05-10 19:05:29.457831,2021-05-10 19:05:49.000000,2021-05-10 21:51:13.564254,COMPLETED,71875.724,,50,16,5,0.000001,10,2025
jpq6b2dhgc,2021-05-10 10:47:15.807786,2021-05-10 10:47:21.000000,2021-05-10 21:44:08.272575,COMPLETED,76875.766,,25,4,5,0.000001,20,2022
xhqv8ghhv5,2021-05-10 10:48:37.158864,2021-05-10 10:48:50.000000,2021-05-10 21:43:29.822177,COMPLETED,50000.5,,25,4,5,0.00001,20,2022
nu5vf22sc8,2021-05-10 16:19:46.357729,2021-05-10 16:19:48.000000,2021-05-10 21:33:51.067451,COMPLETED,79166.772,,50,16,5,0.000003,20,2022
6vsvi7879t,2021-05-10 16:19:47.282877,2021-05-10 16:19:48.000000,2021-05-10 21:33:46.892512,COMPLETED,81458.796,,50,4,10,0.00001,10,2021
9aurieqf2d,2021-05-10 10:51:01.179828,2021-05-10 10:56:01.000000,2021-05-10 21:30:42.045590,COMPLETED,72916.728,,25,64,5,0.000003,20,2025
6eevnnj4kz,2021-05-10 15:39:47.939421,2021-05-10 15:40:10.000000,2021-05-10 21:18:14.812347,COMPLETED,80625.81,,50,64,10,0.000001,10,2024
4hqcbue6jr,2021-05-10 15:45:40.878097,2021-05-10 15:45:43.000000,2021-05-10 21:16:02.907115,COMPLETED,50000.5,,50,4,10,0.00003,10,2023
wh2tajn8j8,2021-05-10 10:48:31.926889,2021-05-10 10:48:39.000000,2021-05-10 21:15:51.943116,COMPLETED,50000.5,,25,16,10,0.00003,10,2022
4vnw543jgp,2021-05-10 16:03:18.518794,2021-05-10 16:03:22.000000,2021-05-10 21:10:47.582489,COMPLETED,79583.768,,50,4,10,0.000003,10,2022
9uj94rhqem,2021-05-10 10:47:13.594028,2021-05-10 10:47:15.000000,2021-05-10 21:06:41.138558,COMPLETED,76666.764,,25,64,10,0.000001,10,2022
xa5838dynp,2021-05-10 10:48:37.832622,2021-05-10 10:48:47.000000,2021-05-10 21:05:28.522918,COMPLETED,50000.5,,50,4,10,0.00003,20,2025
hvuj5nmakm,2021-05-10 18:32:37.303007,2021-05-10 18:32:40.000000,2021-05-10 21:04:48.059019,COMPLETED,78333.772,,50,64,5,0.000003,10,2022
w43xwy8itu,2021-05-10 10:47:18.820681,2021-05-10 10:47:22.000000,2021-05-10 21:05:03.019598,COMPLETED,50000.5,,50,4,10,0.00003,20,2024
9wx3v728bj,2021-05-10 15:31:36.369258,2021-05-10 15:31:42.000000,2021-05-10 21:03:43.960585,COMPLETED,78750.776,,25,64,5,0.00003,10,2023
wgkrvxfjf2,2021-05-10 15:30:24.741825,2021-05-10 15:30:27.000000,2021-05-10 21:02:43.040396,COMPLETED,80000.79,,50,64,10,0.000003,10,2022
538edz6a8k,2021-05-10 10:49:49.668800,2021-05-10 10:49:54.000000,2021-05-10 21:01:55.120189,COMPLETED,78333.8,,50,64,10,0.00001,20,2024
py5p3k8jjk,2021-05-10 15:37:26.471119,2021-05-10 15:37:29.000000,2021-05-10 20:56:47.678940,COMPLETED,76041.746,,25,64,5,0.000001,10,2023
7sjzuc4prv,2021-05-10 15:21:03.624326,2021-05-10 15:21:11.000000,2021-05-10 20:52:02.515790,COMPLETED,75208.736,,50,64,10,0.000001,10,2022
j5gebbdf78,2021-05-10 15:38:36.847909,2021-05-10 15:38:38.000000,2021-05-10 20:48:14.116127,COMPLETED,50000.5,,25,4,5,0.00003,10,2022
7yaa7rbaen,2021-05-10 10:47:18.169525,2021-05-10 10:47:22.000000,2021-05-10 20:47:43.218694,COMPLETED,50000.5,,25,64,10,0.00003,10,2021
rsrhnutu75,2021-05-10 15:40:59.622497,2021-05-10 15:41:09.000000,2021-05-10 20:45:04.389808,COMPLETED,76250.768,,50,16,10,0.000001,10,2025
bixj24zfuq,2021-05-10 16:53:32.928482,2021-05-10 16:53:52.000000,2021-05-10 19:34:23.016416,COMPLETED,81875.808,,50,64,5,0.00003,10,2021
jucwnefwdn,2021-05-10 08:02:24.844964,2021-05-10 08:02:29.000000,2021-05-10 19:26:05.094769,COMPLETED,60624.594,,25,16,5,0.00001,20,2022
vugicbrhdu,2021-05-10 16:36:04.055723,2021-05-10 16:36:10.000000,2021-05-10 19:17:23.907599,COMPLETED,50000.5,,50,16,5,0.00003,10,2024
6d9y8aky8z,2021-05-10 08:04:46.997872,2021-05-10 08:06:00.000000,2021-05-10 19:04:25.818918,COMPLETED,78750.78,,25,64,5,0.000003,20,2023
zjfvv5exp8,2021-05-10 15:58:35.989606,2021-05-10 15:58:42.000000,2021-05-10 18:43:04.182576,COMPLETED,82500.82,,50,64,5,0.00003,10,2025
qr566sj9ka,2021-05-10 15:55:04.995741,2021-05-10 15:55:34.000000,2021-05-10 18:39:45.875856,COMPLETED,77291.79,,50,4,5,0.000003,10,2025
hd3586qgkw,2021-05-10 13:17:43.136694,2021-05-10 13:18:08.000000,2021-05-10 18:36:57.076560,COMPLETED,76250.75,,50,16,5,0.000003,20,2023
6ci6v9gcpp,2021-05-10 16:02:08.191156,2021-05-10 16:02:34.000000,2021-05-10 18:35:29.740966,COMPLETED,80625.8,,50,4,5,0.000003,10,2022
6azmizxa5s,2021-05-10 07:57:43.707565,2021-05-10 07:57:49.000000,2021-05-10 18:31:37.893016,COMPLETED,50000.5,,25,4,10,0.00003,10,2025
6wm8y7ccau,2021-05-10 15:35:06.224205,2021-05-10 15:35:35.000000,2021-05-10 18:14:15.777712,COMPLETED,50000.5,,50,16,5,0.00003,10,2025
65z5pjjxdq,2021-05-10 05:21:05.564879,2021-05-10 05:21:11.000000,2021-05-10 16:52:28.243681,COMPLETED,67916.708,,25,16,5,0.000001,20,2025
jmmmd2guqf,2021-05-10 05:20:55.959235,2021-05-10 05:21:00.000000,2021-05-10 16:35:56.417770,COMPLETED,78541.762,,25,4,10,0.000003,10,2024
ykx7k2dxyp,2021-05-10 05:21:31.159250,2021-05-10 05:21:32.000000,2021-05-10 16:33:39.916425,COMPLETED,71666.718,,25,64,5,0.000001,20,2025
7ikr7y9x54,2021-05-10 05:20:57.697096,2021-05-10 05:21:06.000000,2021-05-10 16:19:29.170881,COMPLETED,50000.5,,25,4,5,0.00003,20,2023
egint7e78w,2021-05-10 05:21:14.224639,2021-05-10 05:21:20.000000,2021-05-10 16:19:06.173064,COMPLETED,77708.764,,25,16,10,0.000001,10,2021
rscsjswr8b,2021-05-10 10:47:14.448536,2021-05-10 10:47:17.000000,2021-05-10 16:10:36.289851,COMPLETED,77916.762,,50,4,5,0.000001,20,2025
upsa8ewkbr,2021-05-10 05:21:21.166362,2021-05-10 05:21:27.000000,2021-05-10 16:10:04.598702,COMPLETED,78958.788,,25,4,5,0.000001,20,2023
tkvw54a44f,2021-05-10 05:20:52.518524,2021-05-10 05:21:11.000000,2021-05-10 16:09:41.774439,COMPLETED,73125.732,,50,64,10,0.000003,20,2025
7imqpgh8hv,2021-05-10 05:21:26.071473,2021-05-10 05:21:28.000000,2021-05-10 16:07:55.310518,COMPLETED,72708.73,,25,16,5,0.000003,20,2021
sgh632nuqs,2021-05-10 05:21:23.387580,2021-05-10 05:21:27.000000,2021-05-10 16:06:45.395529,COMPLETED,81250.796,,25,64,5,0.00001,20,2023
6a9hbpyqxb,2021-05-10 05:21:20.416966,2021-05-10 05:21:28.000000,2021-05-10 16:05:07.972925,COMPLETED,78333.758,,50,4,10,0.000001,20,2022
mtvcr9t6vb,2021-05-10 10:47:16.501417,2021-05-10 10:47:21.000000,2021-05-10 16:03:40.881218,COMPLETED,78333.79,,25,4,5,0.000003,10,2022
kapwfymp6a,2021-05-10 10:48:34.991879,2021-05-10 10:48:52.000000,2021-05-10 16:02:35.862645,COMPLETED,50000.5,,25,4,5,0.00003,10,2025
g3pns36vxa,2021-05-10 10:48:31.228575,2021-05-10 10:48:37.000000,2021-05-10 16:02:23.995133,COMPLETED,76666.762,,50,64,5,0.000003,20,2022
452aa49hhw,2021-05-10 05:20:49.587181,2021-05-10 05:21:08.000000,2021-05-10 16:01:31.186224,COMPLETED,81250.838,,25,16,10,0.00001,10,2025
hdxpxtpsz7,2021-05-10 05:21:24.951376,2021-05-10 05:21:29.000000,2021-05-10 15:58:26.216745,COMPLETED,82916.834,,25,16,5,0.00001,20,2025
8x69jzdpmg,2021-05-10 10:48:38.840974,2021-05-10 10:48:55.000000,2021-05-10 15:56:36.108153,COMPLETED,82500.81,,25,16,5,0.00001,10,2021
tie37ie45w,2021-05-10 10:47:17.503701,2021-05-10 10:47:22.000000,2021-05-10 15:54:36.235228,COMPLETED,76041.766,,25,64,5,0.00001,10,2021
ju64yqj7qr,2021-05-10 10:48:32.556153,2021-05-10 10:56:01.000000,2021-05-10 15:54:14.484185,COMPLETED,77500.77,,25,16,5,0.000003,10,2024
2rpjkseb2e,2021-05-10 10:51:01.893693,2021-05-10 10:51:12.000000,2021-05-10 15:52:45.785527,COMPLETED,76041.752,,50,4,5,0.000001,20,2022
9rtb2q7bgs,2021-05-10 10:48:33.326216,2021-05-10 10:48:55.000000,2021-05-10 15:47:20.711523,COMPLETED,50000.5,,50,64,10,0.00003,10,2022
vzpntrx2q7,2021-05-10 05:21:26.724751,2021-05-10 05:21:28.000000,2021-05-10 15:45:40.373320,COMPLETED,76666.74,,50,64,10,0.000001,20,2024
giz83sctes,2021-05-10 10:48:34.311421,2021-05-10 10:48:54.000000,2021-05-10 15:44:42.985831,COMPLETED,71666.748,,50,16,10,0.000003,10,2025
5r378dcg9v,2021-05-10 05:21:14.919161,2021-05-10 05:21:16.000000,2021-05-10 15:40:31.505406,COMPLETED,80000.798,,25,64,10,0.00001,10,2024
iyyrfn2rnt,2021-05-10 05:20:54.001383,2021-05-10 05:21:07.000000,2021-05-10 15:40:22.543103,COMPLETED,50000.5,,25,16,10,0.00003,10,2025
fftp5mdc4j,2021-05-10 05:21:08.156816,2021-05-10 05:21:12.000000,2021-05-10 15:38:57.565979,COMPLETED,80000.794,,50,4,10,0.000003,20,2023
tgr7s9d8yr,2021-05-10 05:21:27.470247,2021-05-10 05:21:28.000000,2021-05-10 15:38:28.649048,COMPLETED,50000.5,,25,64,5,0.00003,20,2024
jz8pvk6ww6,2021-05-10 05:21:13.446998,2021-05-10 05:21:22.000000,2021-05-10 15:36:52.715817,COMPLETED,50000.5,,25,16,10,0.00003,10,2024
dvgbige9er,2021-05-10 05:20:51.793246,2021-05-10 05:20:58.000000,2021-05-10 15:34:25.294943,COMPLETED,50000.5,,50,4,10,0.00003,20,2021
zuvdcvx8d9,2021-05-10 05:21:11.051908,2021-05-10 05:21:15.000000,2021-05-10 15:31:18.332153,COMPLETED,76875.738,,25,4,10,0.000001,10,2022
tzaincx3ft,2021-05-10 05:21:11.733044,2021-05-10 05:21:13.000000,2021-05-10 15:29:47.074082,COMPLETED,82708.804,,25,16,10,0.00001,10,2022
einpwyq797,2021-05-10 05:21:08.942024,2021-05-10 05:21:10.000000,2021-05-10 15:29:20.667701,COMPLETED,50000.5,,50,16,10,0.00003,20,2024
tdguhsvedy,2021-05-10 05:20:59.150531,2021-05-10 05:21:08.000000,2021-05-10 15:28:54.746929,COMPLETED,78125.762,,50,64,10,0.000001,20,2022
tx3uw6zwsp,2021-05-10 05:21:12.716182,2021-05-10 05:21:21.000000,2021-05-10 15:26:08.187851,COMPLETED,78750.78,,25,64,10,0.000003,10,2024
33u5s79fxw,2021-05-10 05:21:10.315789,2021-05-10 05:21:15.000000,2021-05-10 15:20:47.030590,COMPLETED,78333.77,,25,4,10,0.000003,10,2021
g84zex2fmd,2021-05-10 05:21:22.589995,2021-05-10 05:21:24.000000,2021-05-10 15:16:17.130507,COMPLETED,85208.87,,25,16,10,0.00001,10,2024
vzz3idh4bh,2021-05-10 10:48:30.598056,2021-05-10 10:48:34.000000,2021-05-10 13:34:31.024660,COMPLETED,81875.826,,50,16,5,0.00003,10,2022
ibkk6pvwd7,2021-05-10 10:47:15.108162,2021-05-10 10:47:18.000000,2021-05-10 13:33:50.323035,COMPLETED,79583.81,,50,4,5,0.00001,10,2022
g7tcjisffc,2021-05-10 10:48:39.502969,2021-05-10 10:48:50.000000,2021-05-10 13:28:25.730658,COMPLETED,76250.746,,50,16,5,0.000001,10,2024
2z9bigej57,2021-05-10 08:04:48.004283,2021-05-10 08:06:03.000000,2021-05-10 13:17:33.950263,COMPLETED,72708.742,,50,4,5,0.000003,20,2023
86srqf2t5w,2021-05-10 05:21:04.155777,2021-05-10 05:21:10.000000,2021-05-10 10:50:16.508255,COMPLETED,71458.718,,25,64,5,0.000003,10,2021
ga5pj2dpza,2021-05-10 05:21:37.530566,2021-05-10 05:22:01.000000,2021-05-10 10:50:25.413458,COMPLETED,73541.726,,50,4,5,0.000001,20,2021
jjqdtk3qkw,2021-05-10 05:21:38.157833,2021-05-10 05:22:02.000000,2021-05-10 10:49:19.696039,COMPLETED,76458.774,,50,64,10,0.000003,10,2023
3qywesbtrx,2021-05-10 05:21:02.244079,2021-05-10 05:21:14.000000,2021-05-10 10:48:16.493265,COMPLETED,79166.78,,50,16,10,0.00001,10,2021
umf2222c2k,2021-05-10 05:21:29.759147,2021-05-10 05:21:32.000000,2021-05-10 10:47:04.617168,COMPLETED,50000.5,,50,4,10,0.00003,10,2025
jnwga9fik7,2021-05-10 05:21:21.877601,2021-05-10 05:21:25.000000,2021-05-10 10:44:07.101200,COMPLETED,50000.5,,50,16,10,0.00003,10,2022
e6c5p363bt,2021-05-10 05:21:36.840185,2021-05-10 05:22:00.000000,2021-05-10 10:42:32.070961,COMPLETED,74375.73,,50,64,10,0.00001,10,2025
zx3meurjpk,2021-05-10 05:21:02.991412,2021-05-10 05:21:14.000000,2021-05-10 10:42:26.415128,COMPLETED,50000.5,,50,4,5,0.00003,20,2024
86rnn9tbx5,2021-05-10 05:21:17.035003,2021-05-10 05:21:25.000000,2021-05-10 10:41:15.474828,COMPLETED,67916.64,,50,4,5,0.00001,20,2024
3cbp4pz6uw,2021-05-10 05:21:28.913918,2021-05-10 05:21:35.000000,2021-05-10 10:40:08.044113,COMPLETED,79583.774,,50,64,5,0.00001,20,2022
d2e78sj5uk,2021-05-10 05:21:34.579922,2021-05-10 05:21:36.000000,2021-05-10 10:39:17.513291,COMPLETED,74583.726,,25,16,5,0.000003,10,2023
d4yfu8icr2,2021-05-10 05:20:50.544349,2021-05-10 05:21:02.000000,2021-05-10 10:37:27.765670,COMPLETED,75416.772,,25,4,5,0.000001,10,2025
9fxaxxrmx3,2021-05-10 08:00:04.083954,2021-05-10 08:00:13.000000,2021-05-10 10:37:27.268272,COMPLETED,76041.746,,50,16,5,0.00001,10,2023
qa89k32bhm,2021-05-10 05:30:59.860718,2021-05-10 05:31:18.000000,2021-05-10 10:36:36.708930,COMPLETED,76458.752,,50,64,5,0.000001,20,2024
3htnh69n7u,2021-05-10 05:21:01.511710,2021-05-10 05:21:08.000000,2021-05-10 10:36:01.362100,COMPLETED,76875.76,,25,64,5,0.000001,10,2025
vtqpipgkbm,2021-05-10 05:21:28.171051,2021-05-10 05:21:29.000000,2021-05-10 10:35:45.723475,COMPLETED,77291.762,,25,16,5,0.000003,10,2025
ie329yk9w2,2021-05-10 05:21:06.458889,2021-05-10 05:21:13.000000,2021-05-10 10:35:36.286033,COMPLETED,75416.744,,25,64,5,0.000001,10,2021
zkij4ejkuc,2021-05-10 05:21:33.028154,2021-05-10 05:21:34.000000,2021-05-10 10:33:33.592678,COMPLETED,84583.79,,50,16,10,0.00001,10,2022
jevxgj6abx,2021-05-10 05:21:35.451483,2021-05-10 05:21:57.000000,2021-05-10 10:30:51.165967,COMPLETED,76041.734,,50,4,5,0.00001,20,2023
hkymtyzejb,2021-05-10 05:20:53.264972,2021-05-10 05:20:57.000000,2021-05-10 10:25:38.820260,COMPLETED,50000.5,,50,16,5,0.00003,20,2024
pu76c9bgra,2021-05-10 05:21:32.328745,2021-05-10 05:21:33.000000,2021-05-10 10:24:28.128822,COMPLETED,78125.77,,50,64,5,0.00001,20,2021
g4bcw4mvyk,2021-05-10 05:20:55.301587,2021-05-10 05:21:05.000000,2021-05-10 10:23:44.841542,COMPLETED,75000.726,,25,4,5,0.000001,10,2023
euwc2yg2er,2021-05-10 05:21:09.639149,2021-05-10 05:21:11.000000,2021-05-10 10:23:39.203221,COMPLETED,82291.812,,50,16,10,0.000003,10,2022
7ps336ax6w,2021-05-10 05:21:19.343213,2021-05-10 05:21:25.000000,2021-05-10 10:23:18.265908,COMPLETED,50000.5,,25,4,5,0.00001,10,2022
gjwqasrqpj,2021-05-10 05:21:00.629489,2021-05-10 05:21:09.000000,2021-05-10 10:21:17.111172,COMPLETED,78958.792,,50,16,10,0.00001,10,2023
bjuxpxz5f6,2021-05-10 05:20:58.488130,2021-05-10 05:21:03.000000,2021-05-10 08:04:10.053487,COMPLETED,80000.798,,50,4,5,0.000001,10,2022
3tg34m4mq7,2021-05-10 05:21:24.176959,2021-05-10 05:21:26.000000,2021-05-10 08:03:54.921111,COMPLETED,50000.5,,50,4,5,0.00001,10,2024
ppnqxi7nux,2021-05-10 05:21:16.284561,2021-05-10 05:21:27.000000,2021-05-10 08:02:43.802036,COMPLETED,76666.778,,50,4,5,0.000003,10,2024
8rhax87ds4,2021-05-10 05:21:04.865684,2021-05-10 05:21:14.000000,2021-05-10 08:01:20.165045,COMPLETED,80416.798,,50,64,5,0.00001,10,2022
228nujniww,2021-05-10 05:21:30.427242,2021-05-10 05:21:32.000000,2021-05-10 07:59:13.582719,COMPLETED,74166.752,,50,4,5,0.000001,10,2025
wpaavwzgir,2021-05-10 05:20:59.866614,2021-05-10 05:21:11.000000,2021-05-10 07:57:12.654193,COMPLETED,84791.818,,50,4,5,0.00001,10,2023
rd7f2mf8kv,2021-05-10 05:21:17.871399,2021-05-10 05:21:27.000000,2021-05-10 05:30:19.308644,FAILED,,,25,16,5,0.000001,20,2024
f489dt82rm,2021-05-10 10:48:36.476099,2021-05-10 10:48:56.000000,2021-05-11 09:42:37.148058,COMPLETED,50000.5,,25,4,10,0.00003,20,2023
x9nwsaqzx5,2021-05-11 02:11:59.976921,2021-05-11 07:03:14.000000,2021-05-11 09:36:48.355639,COMPLETED,77083.766,,50,4,5,0.000001,10,2021
rncq8trtg9,2021-05-11 02:01:30.780481,2021-05-11 06:37:49.000000,2021-05-11 09:20:03.406455,COMPLETED,78541.794,,50,16,5,0.000001,10,2023
zjaw3ktedd,2021-05-11 03:23:24.650619,2021-05-11 04:07:28.000000,2021-05-11 09:07:30.448937,COMPLETED,80625.796,,50,64,5,0.00001,20,2023
98cmb6gyue,2021-05-10 10:48:35.726154,2021-05-10 10:48:54.000000,2021-05-11 08:46:50.607917,COMPLETED,76041.762,,25,16,10,0.000003,20,2025
anihpmq67b,2021-05-10 21:51:48.772646,2021-05-10 21:52:01.000000,2021-05-11 08:46:31.223994,COMPLETED,50000.5,,25,4,5,0.00003,20,2025
vbu8wyrs9m,2021-05-11 02:00:20.365649,2021-05-11 03:26:28.000000,2021-05-11 08:42:35.722616,COMPLETED,76250.75,,50,64,5,0.000001,20,2025
3itd8deq8q,2021-05-10 05:21:07.421219,2021-05-10 05:21:10.000000,2021-05-11 04:10:05.827636,COMPLETED,74375.748,,25,16,10,0.000001,20,2025
u8urc8xwiy,2021-05-10 16:06:53.836692,2021-05-10 16:25:42.000000,2021-05-11 03:23:09.252223,COMPLETED,85625.858,,25,64,5,0.00003,20,2022
zph6tzw8in,2021-05-10 21:56:30.809432,2021-05-10 22:04:24.000000,2021-05-11 03:24:09.891764,COMPLETED,80000.778,,25,64,5,0.00001,10,2023
27vk9cxrhq,2021-05-10 05:20:51.165931,2021-05-10 05:21:09.000000,2021-05-11 03:07:09.748474,COMPLETED,53541.552,,25,16,10,0.00001,20,2021
x9r7ch3ry5,2021-05-10 05:21:15.582719,2021-05-10 05:21:24.000000,2021-05-11 03:03:38.215067,COMPLETED,76666.766,,25,4,10,0.000001,20,2021
87qc6xib2h,2021-05-10 05:20:56.941511,2021-05-10 05:21:09.000000,2021-05-11 03:03:25.465463,COMPLETED,75416.734,,25,64,10,0.000001,20,2025
frwxa2sj9b,2021-05-10 05:21:18.587802,2021-05-10 05:21:26.000000,2021-05-11 03:00:15.342522,COMPLETED,75208.75,,25,64,10,0.000001,20,2023
dwnvu8ytam,2021-05-10 16:05:42.228529,2021-05-10 16:05:44.000000,2021-05-11 02:59:27.277472,COMPLETED,75208.732,,25,16,5,0.000003,20,2022
tg9jiiuseu,2021-05-10 05:21:33.746695,2021-05-10 05:21:35.000000,2021-05-11 02:59:02.097585,COMPLETED,68333.698,,25,64,10,0.000003,20,2021
h52gueuyjc,2021-05-10 21:34:15.695541,2021-05-10 21:35:49.000000,2021-05-11 02:55:10.182935,COMPLETED,73750.754,,25,4,5,0.000003,10,2025
ps3ve3qptd,2021-05-10 05:21:36.181893,2021-05-10 05:21:59.000000,2021-05-11 02:53:32.071508,COMPLETED,75625.754,,25,4,10,0.000003,20,2025
bqk4qsx63b,2021-05-10 23:55:39.191981,2021-05-11 00:01:28.000000,2021-05-11 02:43:58.061965,COMPLETED,73958.724,,50,64,5,0.000001,10,2024
q6bn98b27t,2021-05-10 16:10:26.082533,2021-05-10 16:10:28.000000,2021-05-11 02:42:03.989108,COMPLETED,76041.744,,50,64,10,0.000003,20,2023
r29bf675wh,2021-05-10 21:16:37.486055,2021-05-10 21:25:48.000000,2021-05-11 02:40:41.283808,COMPLETED,79583.804,,50,4,10,0.00003,10,2021
aw6dhzmep5,2021-05-10 15:57:25.595710,2021-05-10 15:57:35.000000,2021-05-11 02:39:05.040769,COMPLETED,50000.5,,25,4,10,0.00003,10,2023
6pgq467ymu,2021-05-10 05:20:54.647527,2021-05-10 05:21:13.000000,2021-05-11 02:37:26.850751,COMPLETED,74375.724,,25,64,10,0.000001,20,2024
kh3f2vksxf,2021-05-10 15:41:00.597423,2021-05-10 15:41:03.000000,2021-05-11 02:28:05.974381,COMPLETED,76666.774,,50,64,10,0.00001,20,2021
iyvy998d39,2021-05-10 21:07:09.400258,2021-05-10 21:07:14.000000,2021-05-11 02:25:38.905799,COMPLETED,84166.832,,25,64,5,0.00003,10,2021
eccvbmrccg,2021-05-10 15:55:03.760099,2021-05-10 15:55:29.000000,2021-05-11 02:23:28.498490,COMPLETED,71250.722,,50,4,10,0.000001,20,2024
